{"cameraMode":{"drawMode":0,"name":"Shaded","section":"Shading Mode"},"sceneLighting":true,"audioPlay":false,"sceneViewState":{"m_AlwaysRefresh":false,"showFog":true,"showSkybox":true,"showFlares":true,"showImageEffects":true,"showParticleSystems":true,"showVisualEffectGraphs":true,"m_FxEnabled":true},"in2DMode":false,"pivot":{"x":429.70330810546877,"y":241.07489013671876,"z":-8.43377685546875},"rotation":{"x":-0.10660646855831146,"y":-0.0008975545060820878,"z":0.00009630400745663792,"w":-0.9943015575408936},"size":359.7888488769531,"orthographic":true}